Name,Team,Position,Total Points,Average Points
Kyrie Irving,BKN,"PG, SG",0,0.0
Spencer Dinwiddie,WSH,"SG, PG",649,25.0
Ben Simmons,PHI,PG,0,0.0
Kyle Kuzma,WSH,"PF, SF",781,26.9
RJ Barrett,NY,"SF, SG",570,22.8
Jordan Poole,GS,"SG, PG",811,29.0
Nickeil Alexander-Walker,NO,SG,744,23.3
Tim Hardaway,DAL,"SG, SF",751,25.9
P.J. Washington,CHA,"PF, C",513,25.7
Isaiah Stewart,DET,"C, PF",623,22.3
Ivica Zubac,LAC,C,774,25.0
Jordan Clarkson,UTAH,SG,675,22.5
Bojan Bogdanovic,UTAH,"PF, SF",747,24.9
Jalen Green,HOU,SG,321,17.8
Robert Covington,POR,"PF, SF",704,22.0
Mitchell Robinson,NY,C,707,25.3
Chris Boucher,TOR,"C, PF",427,15.8
Eric Bledsoe,LAC,"PG, SG",686,22.1
Evan Fournier,NY,"SG, SF",676,21.8
Michael Porter,DEN,"SF, PF",183,20.3
Bogdan Bogdanovic,ATL,"SG, SF",452,22.6
Joe Ingles,UTAH,"SF, SG, PF",576,19.2
Derrick Rose,NY,PG,659,25.3
Aaron Gordon,DEN,"PF, SF",779,26.9
Collin Sexton,CLE,"SG, PG",222,20.2
Lauri Markkanen,CLE,"PF, SF",531,24.1
Thaddeus Young,SA,"PF, SF, C",384,17.5
Jonathan Isaac,ORL,"PF, SF",0,0.0
Andre Drummond,PHI,C,681,23.5
Steven Adams,MEM,C,745,23.3
Marvin Bagley,SAC,PF,214,16.5
Daniel Theis,HOU,"C, PF",360,18.0
Alex Caruso,CHI,"PG, SG",693,26.7
Malik Beasley,MIN,"SG, SF",601,19.4
Donte DiVincenzo,MIL,"SG, PG",0,0.0
Brook Lopez,MIL,C,28,28.0
Hassan Whiteside,UTAH,C,541,19.3
LaMarcus Aldridge,BKN,"PF, C",696,27.8
Killian Hayes,DET,PG,457,19.0
Joe Harris,BKN,"SG, SF",274,19.6
Kawhi Leonard,LAC,"SF, PF",0,0.0
T.J. McConnell,IND,PG,596,24.8
Brandon Clarke,MEM,"PF, C",377,19.8
Patty Mills,BKN,PG,708,23.6
Kyle Anderson,MEM,"SF, PF",639,22.8
Jamal Murray,DEN,"PG, SG",0,0.0
Mason Plumlee,CHA,C,554,23.1
Pat Connaughton,MIL,"SG, SF",823,25.7
Alec Burks,NY,"SG, PG",697,23.2
Chris Duarte,IND,SG,669,22.3
T.J. Warren,IND,SF,0,0.0
Dorian Finney-Smith,DAL,"SF, PF",746,24.9
Thomas Bryant,WSH,C,0,0.0
Kelly Olynyk,DET,"C, PF",270,27.0
Duncan Robinson,MIA,"SG, SF",662,20.7
Jarred Vanderbilt,MIN,PF,708,24.4
Jae Crowder,PHX,"PF, SF",645,21.5
Alperen Sengun,HOU,C,661,22.0
John Wall,HOU,PG,0,0.0
Kevin Huerter,ATL,"SG, SF",568,20.3
JaVale McGee,PHX,C,687,22.9
James Wiseman,GS,C,0,0.0
De'Anthony Melton,MEM,"PG, SG",737,25.4
Talen Horton-Tucker,LAL,"SG, SF",360,22.5
Blake Griffin,BKN,PF,392,17.8
Terance Mann,LAC,SF,634,21.1
Darius Bazley,OKC,"SF, PF",608,21.0
Royce O'Neale,UTAH,"SF, PF",704,25.1
Marcus Morris,LAC,"PF, SF",299,23.0
Patrick Beverley,MIN,PG,609,27.7
Luke Kennard,LAC,SG,695,22.4
Victor Oladipo,MIA,SG,0,0.0
Coby White,CHI,PG,120,10.9
Garrison Mathews,HOU,"SG, SF",397,22.1
Isaiah Thomas,LAL,PG,34,11.3
Markelle Fultz,ORL,PG,0,0.0
Cameron Johnson,PHX,SF,608,20.3
Cam Reddish,ATL,"SF, SG",443,17.7
Devin Vassell,SA,"SG, SF",601,24.0
De'Andre Hunter,ATL,"SF, PF",173,15.7
Nicolas Batum,LAC,"SF, SG",410,24.1
Kentavious Caldwell-Pope,WSH,"SG, SF",686,22.1
Delon Wright,ATL,"SG, PG",308,11.4
Dewayne Dedmon,MIA,C,546,17.1
Tyus Jones,MEM,PG,669,21.6
Larry Nance,POR,PF,628,19.6
Isaac Okoro,CLE,SF,432,18.8
Dwight Howard,LAL,C,394,15.8
Chuma Okeke,ORL,PF,423,16.9
Danny Green,PHI,"SG, SF",491,20.5
Otto Porter,GS,SF,495,19.0
Matisse Thybulle,PHI,"SF, SG",477,19.9
Rui Hachimura,WSH,"PF, SF",0,0.0
Anfernee Simons,POR,"SG, PG",534,19.1
P.J. Tucker,MIA,"SF, PF",656,21.2
Precious Achiuwa,TOR,"PF, C",428,19.5
Serge Ibaka,LAC,"C, PF",117,9.8
Nerlens Noel,NY,C,326,19.2
Terrence Ross,ORL,"SG, SF",475,17.0
Doug McDermott,SA,"SF, PF",376,17.1
Davion Mitchell,SAC,PG,577,19.9
Danilo Gallinari,ATL,"PF, SF",478,18.4
Enes Freedom,BOS,C,242,12.1
Lonnie Walker,SA,"SF, SG",559,19.3
Isaiah Hartenstein,LAC,"PF, C",683,23.6
Gabe Vincent,MIA,PG,492,17.0
Shake Milton,PHI,"PG, SG",547,21.9
Patrick Williams,CHI,"SF, PF",72,14.4
Jordan Nwora,MIL,SF,377,14.5
Isaiah Roby,OKC,"PF, C",156,12.0
DeMarcus Cousins,MIL,C,133,14.8
Cedi Osman,CLE,SF,559,22.4
Herbert Jones,NO,SF,592,20.4
Goran Dragic,TOR,PG,90,18.0
Cameron Payne,PHX,PG,479,19.2
Max Strus,MIA,SG,443,17.7
DeAndre Jordan,LAL,C,396,15.2
Gary Payton,GS,PG,531,19.0
Rudy Gay,UTAH,PF,259,16.2
Gary Harris,ORL,SG,386,16.1
Immanuel Quickley,NY,PG,526,18.1
Willy Hernangomez,NO,C,348,20.5
Nassir Little,POR,"SF, PF",550,20.4
Jeff Green,DEN,PF,487,16.8
Andre Iguodala,GS,"SF, SG",320,20.0
Rajon Rondo,LAL,PG,212,12.5
Malik Monk,LAL,SG,528,18.9
Aleksej Pokusevski,OKC,PF,326,11.6
Nic Claxton,BKN,"C, PF",188,17.1
Justin Holiday,IND,"SG, SF",455,17.5
Kevon Looney,GS,PF,558,18.0
Terence Davis,SAC,SG,317,15.9
Nemanja Bjelica,GS,PF,487,15.7
Tristan Thompson,SAC,"C, PF",343,14.3
Obi Toppin,NY,PF,435,16.7
Moses Brown,DAL,C,108,6.8
Kendrick Nunn,LAL,SG,0,0.0
Khem Birch,TOR,C,290,19.3
Deni Avdija,WSH,SF,572,18.5
Josh Richardson,BOS,"SG, SF",445,20.2
George Hill,MIL,"PG, SG",464,17.8
Kenrich Williams,OKC,SF,457,17.6
Georges Niang,PHI,PF,515,18.4
Kessler Edwards,BKN,SF,95,19.0
Robin Lopez,ORL,C,203,15.6
Bruce Brown,BKN,SG,446,18.6
Naz Reid,MIN,C,493,17.0
Cam Thomas,BKN,SG,244,10.6
Bones Hyland,DEN,PG,323,16.2
Jonathan Kuminga,GS,"SF, PF",140,7.0
Hamidou Diallo,DET,SG,366,15.9
Dwight Powell,DAL,C,449,15.0
Furkan Korkmaz,PHI,SG,447,16.6
Jeremy Lamb,IND,"SG, SF",319,12.8
David Duke,BKN,SG,114,22.8
Onyeka Okongwu,ATL,C,18,18.0
Maxi Kleber,DAL,PF,380,19.0
Frank Kaminsky,PHX,"C, PF",221,24.6
James Bouknight,CHA,SG,86,5.7
Damion Lee,GS,"SF, SG",366,14.6
Grant Williams,BOS,PF,479,17.1
Derrick Favors,OKC,"C, PF",320,13.9
Lou Williams,ATL,SG,254,10.6
Bol Bol,DEN,C,45,4.5
Tacko Fall,CLE,C,11,1.6
Josh Christopher,HOU,SG,263,11.4
Jaxson Hayes,NO,C,224,11.2
Frank Jackson,DET,PG,432,14.4
Jaden McDaniels,MIN,SF,451,16.1
Caleb Martin,MIA,"SG, SF",402,17.5
Josh Jackson,DET,"SF, SG",310,12.9
Marc Gasol,LAL,C,0,0.0
Davis Bertans,WSH,PF,192,9.1
Saben Lee,DET,PG,237,15.8
Paul Millsap,BKN,PF,198,9.4
Ish Smith,CHA,PG,227,10.8
Landry Shamet,PHX,SG,408,14.1
Tomas Satoransky,NO,"PG, SG",192,7.1
Jeremiah Robinson-Earl,OKC,"PF, C",434,15.0
Reggie Bullock,DAL,"SF, SG",266,9.9
Dennis Smith,POR,PG,265,16.6
Bryn Forbes,SA,"SG, PG",341,11.8
Armoni Brooks,HOU,PG,371,14.3
Cory Joseph,DET,PG,415,16.0
Juan Toscano-Anderson,GS,"PF, SF",413,13.8
Thanasis Antetokounmpo,MIL,SF,219,10.0
Kent Bazemore,LAL,"SG, SF",236,11.2
Javonte Green,CHI,SG,372,14.9
Raul Neto,WSH,PG,461,15.4
Willie Cauley-Stein,DAL,C,109,6.1
Ayo Dosunmu,CHI,SG,290,11.6
Jalen McDaniels,CHA,PF,382,14.7
Trevor Ariza,LAL,SF,37,18.5
Derrick Jones,CHI,SF,381,16.6
Payton Pritchard,BOS,PG,182,7.3
Dean Wade,CLE,PF,286,13.6
Yuta Watanabe,TOR,SF,166,16.6
Kira Lewis,NO,PG,257,10.7
Moses Moody,GS,SG,72,3.4
R.J. Hampton,ORL,PG,382,13.2
